{
  "accuracy": 0.7278000116348267,
  "loss": 0.7688457369804382,
  "val_accuracy": 0.7166000008583069,
  "val_loss": 0.8160976767539978,
  "epoch": 9,
  "global_step": 6250
}