{
  "accuracy": 0.6913999915122986,
  "loss": 0.8764182329177856,
  "val_accuracy": 0.6944000124931335,
  "val_loss": 0.8607720732688904,
  "epoch": 9,
  "global_step": 6250
}